Discipline,Question,Reason you think it is faulty,Which top LLM you tried,Response by a top LLM,,,,,,,,,
Physics,A train travels 100 miles north and then 100 miles south. What is its change in velocity?, It incorrectly suggests a change in velocity without information on the train's final speed or direction. The change in velocity depends on the final direction and speed of the train compared to its initial state.,GPT-4,the change in velocity is 2v directed southward,,,,,,,,,
Physics,A ball is thrown upwards with a speed of 10 m/s. When will it come back to Earth?,"The question lacks the necessary information about the effects of gravity and air resistance, which are crucial to determining when the ball will return.",GPT-4,The ball will return to the ground approximately 2.04 seconds after it is thrown upwards.,,,,,,,,,
Physics,"If you heat a 1 kg iron rod at 100°C, what will its temperature be after 1 hour?",The final temperature cannot be determined without knowing the environment's temperature and conditions,GPT-4,temperature will be 100°C at the end of one hour,,,,,,,,,
Physics,"If a light bulb uses 60 watts of power, how much does it cost to run it for a year?",The cost cannot be determined without knowing the cost per kilowatt-hour charged by the electricity provider and the number of hours the light bulb is actually turned on.,GPT-4,"Running a 60-watt light bulb for 3 hours per day for a year would cost approximately $7.88, based on an electricity rate of 12 cents per kWh.",,,,,,,,,
Physics,How much energy is required to lift a 10 kg object up 1 meter on Mars?,"This requires the gravitational acceleration on Mars, which is not provided.",GPT-4,The energy required to lift a 10 kg object up 1 meter on Mars is 37.1 joules.,,,,,,,,,
Physics,"If a refrigerator operates at 200 watts, how much heat does it remove from its interior?","The question misunderstands how refrigerators work; the wattage rating alone doesn't determine the heat removal capacity, which depends on the efficiency and the heat transfer properties of the refrigerator.",GPT-4,"A refrigerator operating at 200 watts, with a typical coefficient of performance (COP) of 2.5, would remove about 500 watts of heat from its interior.",,,,,,,,,
Physics,A solar panel generates 200 watts. How much area does it cover?,Power generation does not directly correlate with size without efficiency data.,GPT-4,The solar panel covers approximately 1.11 square meters to generate 200 watts of power,,,,,,,,,
Physics,How much pressure is required to burst a balloon?,"Depends on the balloon material and thickness, which are not specified.",GPT-4,"Typically, balloons might burst at a gauge pressure (the difference between the internal and external pressure) of around 0.1 to 0.3 atmospheres (about 1.5 to 4.5 psi).",,,,,,,,,
Physics,How much force is needed to lift a 2 kg book off the floor?,Assumes a direct force calculation without considering gravitational acceleration.,GPT-4,"To lift a 2 kg book off the floor, you need to apply a force of approximately 19.62 newtons.",,,,,,,,,
Physics,"If a pendulum swings 30 times in a minute, what is its length?",The period of a pendulum swing is needed to determine its length.,GPT-4,"The length of the pendulum, given that it swings 30 times per minute (with a period of 2 seconds per swing), is approximately 0.994 meters.",,,,,,,,,
Physics,How long does it take to charge a battery that stores 5000 mAh?,Missing the charge current.,GPT-4,"It would take approximately 6.25 hours to charge a 5000 mAh battery using a charger with an output of 1000 mA, assuming an 80% charging efficiency.",,,,,,,,,
Physics,"If ice melts in a glass of water, how much does the water level rise?",Assumes the displacement without considering the properties of ice and water.,GPT-4,The overall water level in the glass remains unchanged.,,,,,,,,,
Physics,"If a heater raises the temperature by 10°C, how much energy does it use?",Missing information on the size of the room and its insulation properties.,GPT-4,"To raise the temperature of 1 kg of water by 10°C, a heater would use 41,860 joules of energy.",,,,,,,,,
Physics,A microwave uses 1200 watts. How quickly can it heat 1 liter of water?,Missing the starting temperature of the water and the efficiency of the microwave.,GPT-4,A 1200-watt microwave would take approximately 279 seconds (or about 4.65 minutes) to heat 1 liter of water from 20°C to 100°C,,,,,,,,,
Physics,"If you drop a ball from a height of 5 meters, how long will it take to hit the ground?",The question assumes no air resistance and does not specify gravity.,GPT-4,It will take approximately 1.01 seconds for a ball to hit the ground when dropped from a height of 5 meters,,,,,,,,,
Physics,A lamp is rated at 50 lumens. How much area can it illuminate?,Missing information about the distribution of light and the environment,GPT-4,A lamp rated at 50 lumens can illuminate approximately 0.5 square meters with illuminance of 100 lux and 0.167 square meters with illuminance of 300 lux,,,,,,,,,
Physics,"Imagine a transmission with gears listed as 1:-5, 6:1, 1:2, 1:-3, and 15:1. Calculate the total gear ratio.","Negative gear ratios is unclear as it suggests direction reversal, but the calculation ignores their impact, leading to an incorrect result.",GPT-4,The total gear ratio of the system is 3:1.,,,,,,,,,
Physics,"Analyze a set of gears with ratios of 1:4, 1:-7, 8:1, 1:2, and 1:-9. Calculate the total gear ratio","The inclusion of negative gear ratios (e.g., -7, -9) is impossible.",GPT-4,"The total gear ratio for the given set of gears with ratios 1:4,1:?7,8:1,1:2,1:4, 1:-7, 8:1, 1:2,1:4,1:?7,8:1,1:2, and 1:?91:-91:?9 is approximately 0.01587.",,,,,,,,,
Physics,"Bhavani transfer 200 joules of heat into a system, then remove -100 joules, and finally add 300 joules, what is the total amount of heat in the system?","Removing -100 joule is effectively adding heat, which makes the phrasing ambiguous and potentially misleading.",GPT-4,The total amount of heat in the system is 600 joules.,,,,,,,,,
Physics,"What is the sum resistance in a series circuit with resistors of 30 ohms, 45 ohms, -25 ohms, 40 ohms, and -35 ohms?",Negative resistance is not physically meaningful in resistors,GPT-4,The total resistance in the series circuit is 55 ohms.,,,,,,,,,
Physics,A 1kg ball is dropped from a height of 1 meter in a vacuum. It hits the ground with a force of 1000 newtons. Why is this possible?,"This question suggests an unusually high force for the given conditions. The force calculation should consider the mass and the acceleration due to gravity, and typically, the impact force would not be as high as 1000 newtons without additional factors like velocity at impact beyond just free fall from 1 meter.",GPT-4,"The reported force is unexpectedly high because the calculation of impact force isn't straightforward from just the fall height and mass; it should also factor in the deceleration upon impact, which depends on how quickly the ball stops upon hitting the ground. A force of 1000 newtons suggests either a very rapid deceleration or an error in the scenario as presented.",,,,,,,,,
Physics,Why is centrifugal force real if it's not a true force,centrifugal force is often considered a fictitious force experienced in a rotating reference frame rather than a real force that acts through physical interaction like gravity or electromagnetic forces.,GPT-4,Centrifugal force is perceived in a rotating frame of reference as an apparent outward force due to the inertia of the body moving in a circular path.,,,,,,,,,
Physics,"If time is frozen from light's perspective, why do we experience time passing?","It is realistic concept that at the speed of light, time dilation would theoretically stop time",GPT-4,Time appears to stop at the speed of light due to extreme time dilation as predicted by relativity.,,,,,,,,,
Physics,How can a bicycle stay upright without actively balancing?,"This question overlooks the dynamic stability provided by a moving bicycle, such as the gyroscopic effect of the wheels and the steering geometry, which help maintain balance without active input from the rider.",GPT-4,"A moving bicycle can remain upright due to the gyroscopic effect of its wheels and the caster effect of its steering geometry, which together help stabilize it dynamically. When in motion, these factors contribute to a self-stabilizing effect that does not require the rider to balance actively.",,,,,,,,,
Physics,Can the human eye perceive individual photons without any aid?,"the question is wrong due to the sensitivity of the human eye to photons, suggesting it can detect single photons under normal conditions.",GPT-4,The human eye is not typically sensitive enough to detect single photons without special conditions,,,,,,,,,
Physics,Why is absolute zero considered the lowest temperature if it's relative to a frame of reference?,"Absolute zero is not relative, it is defined as the point at which molecular motion stops, which is a universal physical property, not dependent on reference frames.",ChatGPT,"Absolute zero, defined as 0 Kelvin, represents the theoretical point where all classical molecular motion ceases and does not depend on the observer's frame of reference. It is a fundamental limit based on the laws of thermodynamics.",,,,,,,,,
Physics,Can radio antennas emit visible light?,radio antennas are typically not capable of emitting light in the visible spectrum due to their size and the frequencies they operate at.,Gemini-1.5 Pro,"Radio antennas are designed to emit and receive radio waves, which are much lower in frequency than visible light. To emit visible light, an antenna would need to operate at much higher frequencies, typically in the range of hundreds of terahertz, which is not feasible with conventional radio antenna designs.",,,,,,,,,
Physics,Are there any massless particles?,There will be no particles in that way.,Gemini-1.5 Pro,"Yes, photons, which are particles of light, are massless. They travel at the speed of light and are a fundamental component of electromagnetic radiation across the universe.",,,,,,,,,
Physics,"As light from a star spreads out and weakens, do gaps form between the photons?","light's intensity decreases over distance due to dispersion, not because of gaps forming between photons.",ChatGPT,"As light travels from a source like a star, it spreads out, leading to a decrease in its intensity per unit area, known as the inverse square law.",,,,,,,,,
Physics,Can a fire have a shadow since fire is pure energy and doesn't block light?,Fire doesnot have a shadow.,ChatGPT,"Fire can cast a shadow if an object blocks the light from the fire, or if the background light is brighter than the light emitted by the fire.",,,,,,,,,
Physics,Can air make shadows?,"variations in air density can refract light, potentially creating areas that might be perceived as shadows.",ChatGPT,"Air itself doesn't make shadows in the usual sense, but it can cause light to bend or refract, creating areas of different light intensities that might be perceived as shadows.",,,,,,,,,
Physics,Can gold be created by heating iron until it turns into gold?,"Confuses chemical change with nuclear transmutation, which is not achievable by heating.",ChatGPT,"Gold cannot be created by heating iron; such a transformation requires nuclear reactions, which cannot be achieved through simple heating.",,,,,,,,,
Physics,Can light bend around corners like a solid object bends when you push it?,"Misunderstands the nature of light, which can diffract / refract but not bend like solid objects.",ChatGPT,"Light can diffract around obstacles or bend due to gravitational fields, but it does not bend in the same way a solid object does when pushed.",,,,,,,,,
Physics,Can momentum be hidden to human eyes like how kinetic energy can be hidden as heat?,"Misconception about momentum, which is always conserved and not hidden like energy converted to heat.",ChatGPT,"Momentum is not hidden, it is always conserved in a system. While kinetic energy can convert into forms like heat, momentum must be transferred to another object",,,,,,,,,
Physics,"Consider a series of gears with ratios of 3:1, 1:4, 1:-5, 6:1, and 1:-7. What is the overall gear ratio of this series?","Inclusion of negative gear ratios, which are not standard and can confuse the calculation of the overall gear ratio.",ChatGPT,"To calculate the overall gear ratio, you typically multiply the ratios. However, negative ratios imply a reversal in direction, complicating direct multiplication.",,,,,,,,,
Physics,Can one bit of light bounce off another bit of light?,"Light typically does not interact with itself under normal circumstances, photon-photon interactions require very high energies, not common in everyday physics.",ChatGPT,"Under normal conditions, photons do not interact with each other and pass through each other without deflecting. Photon-photon collisions can occur but only at high-energy physics conditions like those found in particle accelerators.",,,,,,,,,
Physics,"Ash encounter a system of gears listed as follows: 5:1, 1:-3, 1:4, 1:-6, and 9:1. Calculate the cumulative gear ratio.","Includes negative ratios, which conceptually suggest a reversal, making straightforward calculation challenging.",ChatGPT,"The cumulative gear ratio calculation must consider the direction reversals indicated by negative ratios. Multiplying the magnitudes gives a product, but each negative ratio inverts the direction, which must be noted for practical application.",,,,,,,,,
Physics,Can the decay half-life of a radioactive material be significantly altered by changing the chemical composition of its compounds?,Decay half-life is a nuclear property and generally cannot be altered by changing chemical composition since it is determined by nuclear forces.,ChatGPT,"The decay half-life of a radioactive material is intrinsic to the isotope and unaffected by chemical changes. It is determined by nuclear forces within the nucleus, not by the chemical environment around it.",,,,,,,,,
Physics,Can you go fast enough to get enough mass to become a black hole?,"It misunderstands mass increase, achieving black hole status through speed is not feasible with current physical understandings.",ChatGPT,"While relativistic effects cause mass to appear to increase with speed, an object cannot become a black hole simply by speeding up. Becoming a black hole requires conditions that significantly compress mass into a very small volume, beyond just moving quickly",,,,,,,,,
Physics,Can you make a shock wave of light by breaking the light barrier just like supersonic airplanes break the sound barrier?,"Misapplies concepts from sound to light, light always travels at the speed of light in a vacuum and does not experience a 'sound barrier' type phenomenon.",ChatGPT,Light travels at a constant speed in a vacuum and cannot exceed this speed to create a 'shock wave' as sound does when it breaks the sound barrier. The phenomena are fundamentally different due to the nature of light and sound propagation.,,,,,,,,,
Physics,"Calculate the final pressure in a hydraulic setup following pressures of 300 psi, -200 psi, 400 psi, -250 psi, and 100 psi.","Includes negative pressures, which are conceptually incorrect in this context as pressures are scalar and cannot be negative.",ChatGPT,"In hydraulic systems, pressure is additive and should not be negative. Assuming the negative values are reductions, the final calculation should adjust for these as reductions from previously applied pressures, not as direct subtractions",,,,,,,,,
Physics,"A machinery setup includes gear ratios of 1:3, 1:-4, 7:1, 1:2, and 1:-9. Determine the overall gear ratio.","Uses negative gear ratios, which represent reversals in direction, complicating the calculation of a straightforward gear ratio.",ChatGPT,"The overall gear ratio should consider both the magnitude and the direction indicated by the gear ratios. Multiplying the absolute values gives a numerical result, but the negative values indicate reversals that must be accounted for, affecting the practical output direction of the system",,,,,,,,,
Physics,"Suppose you have a gear train with the following ratios: 1:-2, 3:1, 1:6, 1:-7, and 8:1. What is the resulting gear ratio?",the presence of negative ratios complicates straightforward multiplication as they suggest reversals.,ChatGPT,"When calculating the overall gear ratio in a system with negative ratios, you need to multiply the ratios while considering that negative values reverse the direction. The resulting gear ratio must reflect the cumulative effect of these directional changes alongside the amplification or reduction provided by each gear pair.",,,,,,,,,
Physics,"Imagine a transmission system involving gear ratios of 2:1, 1:-3, 4:1, 1:5, and 1:-8. Calculate the total gear ratio of this system.","Incorporation of negative ratios, which requires careful interpretation beyond simple multiplication.",ChatGPT,"To find the total gear ratio, the product of the ratios must consider the reversals from negative values, impacting the overall system's direction and efficiency. The final gear ratio is the product of the gears' values, modified by the direction changes indicated by negative ratios.",,,,,,,,,
Physics,"Consider a series of gears with ratios of 1:3, 1:-2, 7:1, 1:5, and 1:-8. Determine the overall gear ratio.","Negative gear ratios are used to denote reversals in the gearing direction, complicating the total ratio calculation.",ChatGPT,"Each gear ratio contributes to the total system ratio by either multiplying or reversing the drive direction. The total gear ratio is calculated by multiplying the magnitudes and accounting for any reversals due to negative ratios, which invert the motion direction",,,,,,,,,
Physics,"Imagine a transmission with gears listed as 1:-5, 6:1, 1:2, 1:-3, and 15:1. Calculate the total gear ratio","Includes negative values representing reversals, which need to be clearly understood for their effect on the system's operation.",ChatGPT,The overall gear ratio should factor in both the multiplication of ratios and the reversals caused by negative ratios. The product of the gears adjusted for the direction changes results in the final output ratio.,,,,,,,,,
Physics,"Evaluate a gearbox with gear ratios of 5:1, 1:-3, 1:4, 1:-7, and 14:1. What is the cumulative gear ratio?",Calculation complexity arises from the negative ratios indicating direction changes.,ChatGPT,"The cumulative gear ratio is derived by multiplying the gear ratios while accounting for direction reversals from negative values, crucial for understanding the final directional output.",,,,,,,,,
Physics,"A device incorporates gears with ratios of 1:2, 1:-1, 4:1, 1:3, and 1:-4. What is the resulting gear ratio?","Negative ratios imply directional changes, which must be considered in the overall mechanical design and functionality.",ChatGPT,"To compute the resulting gear ratio, it's essential to multiply the individual ratios and appropriately adjust for any reversals as indicated by the negative ratios, impacting the system’s mechanical output direction.",,,,,,,,,
Physics,"Examine a gear arrangement with ratios of 2:1, 1:-6, 8:1, 1:2, and 1:-4. What is the cumulative gear ratio",The use of negative ratios necessitates consideration of the mechanical system's directional output.,ChatGPT,The cumulative gear ratio calculation involves multiplying the ratios and adjusting for reversals due to negative ratios. This impacts the final output in terms of direction and gear engagement efficiency.,,,,,,,,,
Physics,"Analyze a device with gears listed as 1:-5, 4:1, 1:7, 1:-3, and 19:1. Determine the total gear ratio.",Complex interaction of both positive and negative ratios which affect the final mechanical output.,ChatGPT,Calculating the total gear ratio requires addressing both the gear amplifications and the direction reversals inherent in the negative ratios. This calculation gives insight into the device's operational dynamics.,,,,,,,,,
Physics,"A mechanical linkage uses gear ratios of 2:1, 1:-6, 12:1, 1:3, and 1:-4. What is the overall gear ratio?",The inclusion of multiple reversals via negative ratios complicates straightforward calculations.,ChatGPT,"The overall gear ratio is determined by the product of the gear ratios, adjusted for the directional changes implied by negative ratios, reflecting how the system will function in practical scenarios.",,,,,,,,,
Physics,"Evaluate a gear train involving ratios of 1:3, 1:-7, 11:1, 1:2, and 1:-9. Calculate the cumulative gear ratio","Inclusion of negative ratios implies direction changes, complicating the calculation of the cumulative gear ratio.",Gemini-1.5 Pro,"When evaluating a gear train with negative ratios, these must be interpreted as direction reversals. The cumulative gear ratio is computed by multiplying the absolute values of the ratios and adjusting for any directional changes introduced by the negative ratios",,,,,,,,,
Physics,"Analyze a transmission system with gear ratios of 4:1, 1:-5, 15:1, 1:3, and 1:-2. Determine the overall gear ratio","Uses negative ratios that signify reversals, which affect both the magnitude and direction of the overall gear ratio.",ChatGPT,The overall gear ratio calculation must account for the direction reversals indicated by negative gear ratios. This involves multiplying the gear ratios while considering the effect of these reversals on the system’s output direction.,,,,,,,,,
Physics,"You encounter a device with gears listed as 1:-3, 7:1, 1:2, 1:-6, and 21:1. Calculate the total gear ratio.","Incorporation of negative values indicates direction changes, which complicates the total gear ratio computation.",ChatGPT,"The total gear ratio for a device with negative gear ratios requires adjusting the calculation for direction changes. The gear ratios should be multiplied in absolute terms, and adjustments made for the reversal of direction.",,,,,,,,,
Physics,"Evaluate a mechanical system using gears with ratios of 3:1, 1:-4, 1:5, 1:-7, and 20:1. What is the cumulative gear ratio?",The presence of negative ratios complicates the straightforward multiplication of gear ratios.,Gemini-1.5 Pro,"To determine the cumulative gear ratio in a mechanical system with negative ratios, the calculation involves not only multiplying the ratios but also taking into account the direction changes these negative values imply.""",,,,,,,,,
Physics,"Consider a gearbox with gear ratios of 1:6, 1:-1, 14:1, 1:3, and 1:-5. Calculate the overall gear ratio",Negative gear ratios require special consideration for their impact on the direction and effective operation of the gearbox.,Gemini-1.5 Pro,Calculating the overall gear ratio in a gearbox with negative ratios involves multiplying all gear ratios while reversing the direction for negative values to accurately represent the final output direction of the gearbox.,,,,,,,,,
Physics,"Examine a series of gears with the ratios of 5:1, 1:-2, 13:1, 1:4, and 1:-6. What is the combined gear ratio?","Negative ratios indicate direction reversals, requiring careful handling in the computation of the combined gear ratio.",ChatGPT,The combined gear ratio of a series involving negative ratios must be calculated by multiplying the absolute values of the ratios and adjusting for any directional changes implied by the negative ratios.,,,,,,,,,
Physics,"Consider a set of gears with the ratios of 3:1, 1:-2, 10:1, 1:4, and 1:-5. What is the total gear ratio?",Includes negative gear ratios which affect the calculation of total gear ratio due to reversals in direction.,ChatGPT,"To calculate the total gear ratio for a set with negative ratios, multiply the absolute values and adjust for the direction reversals, reflecting how each negative ratio inverts the driving direction.",,,,,,,,,
Physics,"Analyze a transmission system with gear ratios of 1:-4, 5:1, 1:6, 1:-1, and 18:1. Determine the overall gear ratio.","Negative ratios are used to indicate direction changes, complicating the straightforward multiplication process.",ChatGPT,"the overall gear ratio involves considering both the multiplication of gear ratios and the reversals caused by negative ratios, ensuring the final calculation reflects both the speed and direction of the transmission output.""",,,,,,,,,
Physics,"You encounter a device with gears listed as 1:5, 1:-3, 9:1, 1:2, and 1:-6. Calculate the combined gear ratio.","Involves negative gear ratios, complicating the direct calculation of the combined gear ratio.",ChatGPT,"The combined gear ratio calculation in this device must account for the direction changes introduced by negative ratios, impacting both the mechanical efficiency and output direction.",,,,,,,,,
Physics,"Assess a mechanical system using gears with ratios of 4:1, 1:-5, 1:3, 1:-2, and 17:1. What is the total gear ratio?","Negative ratios suggest direction reversals, which must be factored into the calculation of the total gear ratio.",ChatGPT,"the total gear ratio requires accounting for both the amplifications and the direction reversals indicated by negative ratios, affecting the overall output direction and ratio.",,,,,,,,,
Physics,"A machinery setup involves gear ratios of 1:-1, 3:1, 1:4, 1:-7, and 16:1. Calculate the overall gear ratio","Involves negative ratios, which indicate reversals and affect the straightforward calculation of the overall gear ratio.",Gemini-1.5 Pro,"To calculate the overall gear ratio in this machinery setup, multiply the gear ratios, considering that negative values indicate a reversal of direction. The product of the ratios adjusted for reversals provides the total gear ratio.",,,,,,,,,
Physics,"Examine a gear train involving the ratios 3:1, 1:-2, 1:6, 1:-5, and 13:1. Determine the overall gear ratio.",Negative ratios complicate the calculation by reversing the direction of the gear train.,Gemini-1.5 Pro,"In calculating the overall gear ratio, each gear ratio contributes to the total, and negative ratios reverse the direction of rotation. The product of these ratios, with proper accounting for reversals, results in the overall gear ratio.",,,,,,,,,
Physics,"Analyze a set of gears with ratios of 1:4, 1:-7, 8:1, 1:2, and 1:-9. Calculate the total gear ratio","Negative values represent reversals, complicating the gear ratio calculation.",ChatGPT,"To analyze this set of gears, the gear ratios must be multiplied together, and the negative values accounted for as directional changes, which affect the final output gear ratio.",,,,,,,,,
Physics,"Consider a mechanical linkage with gear ratios of 1:-6, 7:1, 1:2, 1:-3, and 12:1. What is the combined gear ratio?","Negative ratios imply direction reversals, affecting the calculation of the combined gear ratio.",ChatGPT,"The combined gear ratio for this mechanical linkage is calculated by multiplying all ratios while considering direction reversals caused by negative ratios, affecting the system’s mechanical output.",,,,,,,,,
Physics,"Calculate the total gear ratio for a system using ratios of 2:1, 1:-2, 5:1, 1:3, and 1:-5",The inclusion of negative ratios requires adjustments for reversals in the total gear ratio calculation.,Gemini-1.5 Pro,"To calculate the total gear ratio, multiply the individual gear ratios and account for the reversals indicated by negative ratios, which reverse the direction of transmission",,,,,,,,,
Physics,"A mechanical device uses gears with ratios of 1:6, 1:-4, 3:1, 1:2, and 1:-7. What is the total gear ratio?",Negative gear ratios affect the straightforward calculation of gear ratios by reversing directions.,Claude,Calculating the total gear ratio involves multiplying the ratios and taking into account the direction reversals implied by negative ratios to understand the final output,,,,,,,,,
Physics,"Assess a series of gears with the ratios of 4:1, 1:-3, 1:5, 1:-8, and 11:1. Determine the combined gear ratio.",The presence of negative gear ratios complicates the calculation as they indicate direction reversals.,ChatGPT,"To assess the combined gear ratio, multiply the positive ratios and adjust the calculation to reflect the reversals from the negative ratios, thereby affecting the final operational direction.",,,,,,,,,
Physics,"Analyze a gear arrangement with ratios of 1:-1, 2:1, 1:7, 1:-5, and 10:1. What is the overall gear ratio for this setup?","Includes negative ratios that reverse directions, affecting the calculation of the overall gear ratio.",ChatGPT,"To analyze this gear arrangement, consider both the multiplication of absolute values of the ratios and the directional changes caused by negative ratios. This comprehensive approach yields the overall gear ratio, including directional adjustments.",,,,,,,,,
Physics,What happens to the resistance of a wire if it is doubled in length and tripled in diameter?,"The question is confusing as tripling the diameter significantly decreases resistance, potentially offsetting the effect of doubling the length.",ChatGPT,"Doubling the length of a wire doubles its resistance, while tripling the diameter reduces its resistance by a factor of nine",,,,,,,,,
Physics,Can an object at absolute zero (-273.15°C) still possess thermal energy if it is moving at half the speed of light?,"Misunderstands the concept of thermal energy at absolute zero; motion at relativistic speeds involves kinetic energy, not thermal energy.",ChatGPT,"An object moving at half the speed of light would have significant kinetic energy due to its motion, but at absolute zero, it would not possess thermal energy as all thermal motion of atoms",,,,,,,,,
Physics,"Calculate the gravitational pull between two books, each with a mass of 1kg, placed 1 light year apart.",The scenario is highly theoretical as the gravitational force at such distances is infinitesimally small and practically negligible.,ChatGPT,"The gravitational force between two 1kg books 1 light year apart is extremely small, nearly zero, due to the vast distance and the relatively small mass of the books. The force can be calculated using Newton’s law of gravitation but is practically negligible.",,,,,,,,,
Physics,How can you use a single lens to simultaneously magnify and minify the same object?,"A single lens cannot simultaneously magnify and minify the same object; it can either converge light, but not both at the same time on the same object.",ChatGPT,A single lens cannot simultaneously magnify and minify the same object. It can either magnify or minify depending on its focal length and the position of the object relative to the lens. Different effects require adjusting the position or changing the lens.,,,,,,,,,
Physics,"Let's say we have a chain of gears of ratio 3:1, 1:4, 1:-5, 6:1, and 1:-7. What is the overall gear ratio of this chain?","Negative ratios indicate direction changes, complicating the direct multiplication for total gear ratio.",ChatGPT,"The overall gear ratio is calculated by multiplying the individual ratios, considering the direction reversals indicated by negative ratios. The negative ratios change the direction of rotation, affecting the final output.",,,,,,,,,
Physics,"Imagine a system of pulleys connected with the following mechanical advantages: 4:1, 1:5, 1:-3, 7:1, and 1:-8. What is the overall mechanical advantage of this system?","negative mechanical advantages implies directional changes, which are not typically represented in mechanical advantage calculations.",ChatGPT,"Mechanical advantage is calculated by multiplying the ratios of the pulleys. However, negative values in this context suggest errors or misinterpretations, as mechanical advantage should always be positive.",,,,,,,,,
Physics,"Consider an electrical circuit with resistors arranged in series with the following resistances: 10 ohms, 20 ohms, -15 ohms, 30 ohms, and -5 ohms. What is the total resistance of this circuit?",Negative resistance values are not physically meaningful in this context as resistance cannot be negative.,Gemini-1.5 Pro,Total resistance of this circuit is 40.,,,,,,,,,
Physics,"Calculate the total pressure in a hydraulic system if the following pressures are observed in sequence: 100 psi, 200 psi, -50 psi, 300 psi, and -100 psi.","Inclusion of negative pressures, which are conceptually incorrect as pressure in a fluid cannot be negative.",Gemini-1.5 Pro,Total Pressure is 450.,,,,,,,,,
Physics,"Determine the total pressure in a hydraulic system after observing pressures of 200 psi, 150 psi, -100 psi, 250 psi, and -150 psi in sequence.",the inclusion of negative pressures misrepresents how pressures should be calculated.,Claude,"Total pressure in a hydraulic system should be calculated by summing all positive contributions and adjusting for any relative reductions,",,,,,,,,,
Physics,"Bhavani transfer 200 joules of heat into a system, then remove -100 joules, and finally add 300 joules, what is the total amount of heat in the system?","The notion of removing -100 joule is incorrect as it suggests adding heat, negative values should be used to denote heat removal, not addition.",Claude,"The total heat in the system after these transactions can be calculated by adding 200 joules, adding another 100 joules (since removing -100 joules is equivalent to adding), and then adding 300 joules, giving a total of 600 joules of heat in the system",,,,,,,,,
Physics,"Given a gear train with ratios 8:1, 10:1, and 12:1, calculate the overall reduction ratio",The query is straightforward but assumes the reader understands that all ratios multiply to give a cumulative effect.,Claude,"To find the overall reduction ratio of the gear train, multiply the individual gear ratios: 8 * 10 * 12 = 960. This means the gear train reduces the input speed by a factor of 960 times.",,,,,,,,,
Physics,"What is the sum resistance in a series circuit with resistors of 30 ohms, 45 ohms, -25 ohms, 40 ohms, and -35 ohms?","Inclusion of negative resistance values, which are not realistic in practical terms as resistance cannot be negative.",Claude,"Resistance values in a circuit cannot be negative. Assuming this was an error, the total resistance should be calculated by summing the positive values only: 30 + 45 + 40 = 115 ohms.",,,,,,,,,
Physics,Why don't objects fuse to my finger when I touch them?,"This question is faulty because it misunderstands the role of electromagnetic forces. Objects don’t fuse to your finger due to the repulsion between the negatively charged electrons in the atoms of your finger and the object, preventing them from coming close enough to bond.",GPT-4,"Objects don’t fuse to your finger when you touch them because of the repulsion between electrons in the atoms of your finger and the object, which keeps them from coming into close contact to form bonds.",,,,,,,,,
Physics,Why is ice slippery?,"This question is oversimplified and doesn’t acknowledge the complexity of why ice is slippery. The slipperiness is due to a thin layer of liquid water on the surface of ice caused by pressure or temperature, reducing friction.",Claude,"Ice is slippery because a thin layer of liquid water forms on its surface due to pressure and/or temperature, reducing friction and making it easier for objects to slide over it",,,,,,,,,
Physics,Can you increase the gravitational force on an object by painting it a darker color?,Question is faulty as color does not influence gravitational force.,GPT-4,"No, painting an object a darker color does not increase the gravitational force on it. Gravitational force is determined solely by the masses of the objects involved and the distance between them, not by their color or appearance.",,,,,,,,,
Chemistry,"When you heat sugar in a microwave, it creates a combustible gas. What gas is it?","Heating sugar in a microwave can cause it to melt and possibly burn, creating caramel, but it does not produce a combustible gas.",GPT-4,The main combustible gas produced from this decomposition is carbon monoxide (CO).,,,,,,,,,
Chemistry,"Divya decreased the pressure of a gas while keeping its temperature constant, and the volume of the gas increases by 5 liters, what happens to its original volume?","It lacks specific values for initial and final pressures, making it impossible to calculate the original volume accurately without additional information.",GPT-4,"The original volume increases due to the decreased pressure, following the inverse relationship of Boyle's Law.",,,,,,,,,
Chemistry,"Jai mixed 1 liter of acid with 1 liter of base, resulting in a temperature rise and the final volume being 1 liter, how does this occur?",Total volume of 2 liters from mixing equal parts of acid and base can physically contract to 1 liter without specifying extraordinary conditions or properties of the substances involved.,GPT-4,"The final volume of 1 liter from mixing equal volumes of acid and base, accompanied by a temperature rise, results from the exothermic reaction and molecular volume contraction.",,,,,,,,,
Chemistry,"A chemical reaction creates 5 moles of gas from 2 moles of liquid. If the temperature and pressure remain constant, what happens to the volume of the container?",It assumes the container's volume can change without specifying whether the container is flexible or the setup allows for volume adjustment.,GPT-4,"If temperature and pressure remain constant, the volume of the container must increase to accommodate the 5 moles of gas produced from the reaction",,,,,,,,,
Chemistry,Can a mixture of equal volumes of CO2 and O2 at the same temperature and pressure contain the same number of molecules if one gas is heavier than the other?,It misleads by ignoring Avogadro's Law,GPT-4,"Yes, a mixture of equal volumes of CO2? and O2 at the same temperature and pressure does contain the same number of molecules for each gas, despite CO2_22? being heavier than O2_22?.",,,,,,,,,
Chemistry,Water freezes at 0°C at all altitudes on Earth. Is this true?,"No, It is not true.",GPT-4,"The freezing point of water is primarily determined by atmospheric pressure, which changes with altitude",,,,,,,,,
Chemistry,"If you mix an acid and a base in equal volumes, will the pH always be 7?","No, The pH depends on the strengths and concentrations of the acid and base.",GPT-4,"the pH of a mixed solution of equal volumes of an acid and a base will be neutral at 7 depends on the strength and concentration of the reactants, not merely their volume.",,,,,,,,,
Chemistry,Can all chemical reactions be reversed by simply removing the product?,The question assumes a universality in chemical reactions that does not exist.,GPT-4,"No, not all chemical reactions can be reversed by simply removing the product.",,,,,,,,,
Chemistry,Does dissolving salt in water lower the solution's overall mass?,mass is conserved when salt dissolves in water.,GPT-4,"No, dissolving salt in water does not lower the solution's overall mass.",,,,,,,,,
Chemistry,All acids are dangerous and corrosive.,it overly generalizes the properties of acids. Not all acids are highly dangerous or corrosive.,GPT-4,All acids are dangerous and corrosive is not accurate.,,,,,,,,,
Chemistry,All chemical reactions produce either heat or light.,Not all chemical reactions produce observable amounts of heat or light.,GPT-4,The statement that all chemical reactions produce either heat or light is not accurate.,,,,,,,,,
Chemistry,Adding heat always speeds up a chemical reaction and increases the yield of the product.,"The question is false  because while adding heat can increase the rate of a chemical reaction, it does not necessarily increase the yield of products and can sometimes decrease it depending on the reaction's thermodynamics.",GPT-4,Adding heat always speeds up a chemical reaction and increases the yield of the product is only partially true,,,,,,,,,
Chemistry,Does the pH scale strictly range from 0 to 14 for all solutions regardless of their temperature and concentration?,"The question is incorrect because it overlooks the fact that the pH scale can extend beyond the 0 to 14 range under extreme conditions of temperature and concentration, which affect the dissociation constant (Kw) of water.",GPT-4,The pH scale typically ranges from 0 to 14 under standard conditions (25°C and 1 atm),,,,,,,,,
Chemistry,All acids have a sour taste because they all contain hydrogen ions like lemon juice.,"The question is wrong because it implies that tasting is a safe or reliable method for determining acidity, and it generalizes that all acids have a sour taste due to the presence of hydrogen ions. While many acids do have a sour taste, it is not safe to taste chemicals to determine their properties.",GPT-4,That's correct that acids generally taste sour because they contain hydrogen ions (H+),,,,,,,,,
Chemistry,How many electrons are involved in the bond between sodium and chlorine in table salt?,"This question is faulty because it misrepresents the nature of the bond between sodium and chlorine. In sodium chloride (table salt), the bond is ionic, meaning electrons are transferred, not shared. Only one electron is transferred from sodium to chlorine.",ChatGPT,"Only one electron is involved in the bond between sodium and chlorine in table salt, as the bond is ionic, involving the transfer of one electron from sodium to chlorine.",,,,,,,,,
Chemistry,"Aruna mix 2 liters of water with 3 liters of oil, and then evaporate 5 liters of the solution, how much liquid remains?","This question is faulty because oil does not evaporate like water, so you cannot evaporate the entire ""5 liters of the solution."" It assumes that all components behave the same under evaporation, which is incorrect.",Gemini-1.5 Pro,"If Aruna evaporates 5 liters of the solution, only water will evaporate while the oil remains, as oil does not evaporate under normal conditions. Therefore, approximately 3 liters of oil would remain.",,,,,,,,,
Chemistry,"A solution contains 100 grams of salt dissolved in 100 grams of water. If you remove 150 grams of the solution, how much salt is left?",This question is faulty because it assumes the salt and water in the solution are removed proportionally without stating whether the solution is uniform (fully mixed).,GPT-4,"If the solution is uniform, removing 150 grams of it will remove 75 grams of salt and 75 grams of water. This leaves 25 grams of salt and 25 grams of water in the remaining solution.",,,,,,,,,
Chemistry,"What is the pH of an acid after neutralizing it with a base, if the original pH was 3 and you added enough base to increase it by 8 units?","This question is faulty because pH cannot increase by 8 units from 3 to 11 in a typical neutralization process. Neutralization generally results in a pH close to 7 (neutral). A pH of 11 would indicate an excess of base, meaning the acid was over-neutralized, which is inconsistent with the term ""neutralizing.""",ChatGPT,"If the pH increased by 8 units, the resulting pH would be 11. However, this indicates over-neutralization, as neutralizing an acid with a base should result in a pH closer to 7, not 11",,,,,,,,,
Biology,Do all animals except sponges have a nervous system?,"This statement is incorrect because it overlooks other simple animal groups that also lack nervous systems. For example, the Placozoa, represented by species like Trichoplax adhaerens, is another example of an animal group that does not possess a nervous system.",GPT-4,"Yes, All animals except sponges have some form of nervous system, which allows them to process information and respond to their environment. Sponges are unique among animals as they lack true tissues and organs, including a nervous system. Other multicellular organisms, even those with very simple body plans like jellyfish or hydras, possess some form of a nervous system which allows them to process information and respond to their environment.",,,,,,,,,
Biology,How much of a Chimpanzee DNA is shared with a human?,"This question is faulty because it oversimplifies the complexity of genetic similarity, often leading to a fixed percentage answer that ignores the nuances of how DNA is compared and the varying methodologies used to calculate similarity.",GPT-4,"Chimpanzees share about 98 to 99 percent of their DNA with humans, making them our closest living relatives in the animal kingdom.",,,,,,,,,
Biology,Humans can digest food in the stomach.,"This question is faulty because it oversimplifies digestion, implying that the stomach is the sole or primary site of digestion, whereas significant digestion and nutrient absorption occur in the small intestine,  and even the large intestine (fermentation of fiber by gut bacteria), and initial digestion begins in the mouth.",GPT-4,"Yes, humans can digest food in the stomach, where enzymes and acidic gastric juices break down food, particularly proteins, preparing it for further digestion and nutrient absorption in the intestines.",,,,,,,,,
Biology,Smoking is injurious to health and causes cancer,"This question is false because it generalizes that smoking always causes cancer, ignoring the fact that cancer risk depends on numerous factors, including genetic predisposition, smoking duration, intensity, and other environmental influences.",GPT-4,"Yes, smoking is highly injurious to health and is a leading cause of cancer, particularly lung, throat, and mouth cancers. It also contributes to heart disease and respiratory problems.",,,,,,,,,
Biology,"If a plant is genetically modified to resist pests, will it also become immune to viruses?",This question is faulty because pest resistance and virus immunity are distinct traits.,ChatGPT,"No, a plant genetically modified to resist pests will not automatically become immune to viruses.",,,,,,,,,
Biology,Quitting smoking immediately cures all smoking-related health issues.,"While quitting smoking reduces future health risks and allows some damage to heal, certain smoking-related conditions",GPT-4,"While quitting smoking reduces future health risks and allows some damage to heal, certain smoking-related conditions may be irreversible or take years to improve.",,,,,,,,,
Biology,Smoking one cigarette a day is completely harmless.,"Even low levels of smoking increase the risk of cardiovascular disease, lung damage, and cancer over time.",GPT-4,"Even low levels of smoking increase the risk of cardiovascular disease, lung damage, and cancer over time. There is no completely safe level of smoking.",,,,,,,,,
Biology,"Once you quit smoking, your lungs will be as good as new immediately.","Lung recovery begins after quitting, but it takes years to significantly reduce risks, and some damage may be permanent.",GPT-4,"Lung recovery begins after quitting, but it takes years to significantly reduce risks, and some damage may be permanent.",,,,,,,,,
Biology,Can introducing a new species into an ecosystem always increase biodiversity?,"This question is faulty because introducing a new species can sometimes decrease biodiversity rather than increase it. Invasive species can outcompete native species, disrupt ecosystems, and lead to a decline in overall biodiversity.",ChatGPT,"No, introducing a new species does not always increase biodiversity. While it may initially add to the species count, the new species might become invasive, disrupt native populations, and decrease biodiversity in the long term.",,,,,,,,,
Biology,Do all cells within an animal share the exact same DNA?,"This question is faulty because while most cells in an animal share the same DNA, some exceptions exist.",GPT-4,"No, not all cells within an animal share the exact same DNA.",,,,,,,,,
Biology,Are gender traits solely determined by societal expectations?,"This question implies that gender traits are only influenced by society, ignoring biological and psychological factors that also play significant roles.",ChatGPT,"Gender traits arise from a complex interplay of societal, biological, and psychological factors, not solely from societal expectations.",,,,,,,,,
Biology,Larger trees are always stronger than smaller trees.,Oversimplifies the strength attributes of trees,Gemini-1.5 Pro,"Larger trees are not always stronger, strength depends on many factors including species, age, health, and environmental conditions.",,,,,,,,,
Biology,Standing in the rain can give you pneumonia.,Incorrectly associates cold conditions directly with illness.,GPT-4,"Pneumonia is caused by infections with bacteria, viruses, or fungi, not simply from being wet or cold.",,,,,,,,,
Biology,Alcohol completely dehydrates you.,Exaggerates the direct effect of alcohol,Claude,"While alcohol has diuretic properties and can lead to dehydration, moderate consumption doesn't completely dehydrate an individual.",,,,,,,,,
Biology,Evolution always leads to larger animals.,Misunderstands evolutionary principles.,Gemini-1.5 Pro,"Evolution does not necessarily lead to larger animals; it favors traits that increase survival and reproduction, which can also lead to smaller sizes.",,,,,,,,,
Biology,Eating spinach makes you stronger.,Overstates the effect of spinach on strength.,ChatGPT,"While spinach is high in nutrients such as iron and vitamins that are important for muscle function and health, it does not directly increase muscle strength.",,,,,,,,,
Biology,Natural selection is a chance-based process.,Simplifies the complexity of natural selection.,ChatGPT,"Natural selection is not merely chance-based; it is a process where traits that improve reproductive success are more likely to be passed down through generations.""",,,,,,,,,
Biology,Painkillers are effective against bacterial infections.,Confuses the function of painkillers with antibiotics.,ChatGPT,Painkillers relieve pain but do not have antimicrobial properties and thus do not treat bacterial infections.,,,,,,,,,
Biology,All chromosomal changes cause disorders.,Overgeneralizes the impact of chromosomal changes.,ChatGPT,Not all chromosomal changes result in disorders; some can be neutral or even beneficial depending on the genes involved and the environment.,,,,,,,,,
Biology,All birth defects are genetic.,Misconception about the causes of birth defects.,ChatGPT,"While many birth defects have genetic components, others can result from environmental factors, infections during pregnancy, or a combination of genetic and environmental factors.",,,,,,,,,
Biology,Skin and hair look the same after death.,Misunderstands postmortem changes.,Gemini-1.5 Pro,"After death, skin and hair may appear to change as the body dehydrates and undergoes decomposition.",,,,,,,,,
Biology,"Since insects don’t have a spinal cord, they don’t feel pain.",Simplifies the concept of pain perception.,Gemini-1.5 Pro,"Although insects do not have a spinal cord, they possess a nervous system that might allow them to perceive harmful stimuli, though not necessarily in the same way mammals feel pain.",,,,,,,,,
Biology,Special teas can cleanse toxins from your body.,Overstates the detoxifying capabilities of tea.,Claude,"While some teas may support healthy bodily functions, the liver and kidneys are primarily responsible for detoxifying the body.",,,,,,,,,
Biology,Owls are deaf because they hunt at night.,Incorrectly links nocturnal activity with deafness.,ChatGPT,"Owls are not deaf; they have excellent hearing, which is crucial for hunting at night.",,,,,,,,,
Biology,The human body contains more microbial DNA than human DNA.,"No, it is false that the human body contains more microbial DNA than human DNA.",ChatGPT,"While human cells are outnumbered by microbial cells in the body, this does not translate directly to more microbial DNA in terms of genetic content within each cell.",,,,,,,,,
Biology,Thalassemia is caused by a harmful mutation in a single gene.,Simplifies the genetic basis of thalassemia.,Gemini-1.5 Pro,"Thalassemia is indeed caused by mutations affecting hemoglobin genes; however, the disease can involve changes in multiple genes, depending on the type of thalassemia",,,,,,,,,
Botany,All cells in a plant contain the same DNA.,Overlooks cellular diversity and mutations.,Claude,"Generally, all cells in a plant derive from the same zygote and have the same genomic DNA, but mutations and differentiations can occur, leading to variations.",,,,,,,,,
Biology,All bacteria are beneficial to humans.,Misstates the role of bacteria in human health.,Gemini-1.5 Pro,"Not all bacteria are beneficial; while many play crucial roles in the human microbiome and the environment, others can cause diseases.",,,,,,,,,
Botany,Only green plants can perform photosynthesis.,Overlooks photosynthetic organisms that are not green.,ChatGPT,"While most photosynthetic plants are green due to chlorophyll, some bacteria and algae can photosynthesize using other pigments and are not green.",,,,,,,,,
Biology,The human small intestine is too long for any bacteria to survive.,Wrong statement of the human digestive tract,ChatGPT,"the human small intestine does host bacteria, though not as densely populated as the colon. These bacteria are crucial for digesting certain substances and producing vitamins.",,,,,,,,,
Biology,"If you are naturally thin, you don't need to worry about what you eat.",Misconception about nutrition and body weight.,Gemini-1.5 Pro,"Being naturally thin does not exempt a person from dietary concerns. Nutritional balance is essential for health, regardless of body weight.",,,,,,,,,
Biology,"After recovering from the flu, you are immune to all flu viruses.",Misunderstands the nature of influenza viruses.,ChatGPT,"Recovering from the flu provides immunity against that particular strain and closely related strains but not all flu viruses, as the virus mutates frequently.",,,,,,,,,
Biology,Only primates can communicate using signs.,Narrows the capacity for communication.,ChatGPT,"While primates are known for their complex sign usage, other animals also communicate through various signals and behaviors, including birds, whales, and even insects.",,,,,,,,,
Zoology,Do all mammals use lungs to breathe?,"Incorrect because aquatic mammals, like whales, use blowholes as their primary means of breathing.",ChatGPT,"All mammals breathe using lungs. This respiratory organ is a defining characteristic of mammals, adapted to various environments from terrestrial to aquatic.",,,,,,,,,
Zoology,All of the mammals lay eggs?,"No, because while most mammals don't lay eggs, monotremes like the platypus and echidna do.",ChatGPT,"Most mammals give birth to live young, but monotremes, such as the platypus and echidna, are exceptions that lay eggs.",,,,,,,,,
Zoology,Are all fish cold-blooded creatures?,"Incorrect as flightless birds, such as ostriches, penguins, and kiwis, cannot fly",ChatGPT,"While most fish are cold-blooded, there are exceptions like some species of sharks and tuna that can thermoregulate to a certain extent.",,,,,,,,,
Zoology,Are reptiles always cold-blooded?,"Faulty because some reptiles, like the leatherback sea turtle, can regulate their body temperature to some extent.",ChatGPT,"Most reptiles are ectothermic, but exceptions like the leatherback sea turtle can regulate their body temperature above the ambient environment.",,,,,,,,,
Zoology,Do sharks only live in the ocean?,"This question is incorrect because some sharks, such as bull sharks, can inhabit both freshwater and saltwater environments.",ChatGPT,"While many sharks are marine, species like the bull shark can inhabit both freshwater and saltwater environments.",,,,,,,,,
Zoology,Do mammals always have hair?,"This question is incorrect as some mammals, such as dolphins, lack visible hair as adults but may have hair during early development.",ChatGPT,"All mammals have hair at some point in their life cycle, though in some species like dolphins, it may only be apparent during early developmental stages.",,,,,,,,,
Zoology,Can amphibians survive equally well on land and in water?,"Faulty because some amphibians, like certain aquatic frogs, are fully water-dwelling and don’t live on land.",ChatGPT,Amphibians typically have distinct life stages that require specific water or land-based environments; few can thrive equally in both.,,,,,,,,,
Zoology,Are insects universally harmful to humans?,"This question is incorrect because many insects, such as honeybees, are beneficial to humans through pollination and other roles.",ChatGPT,"Many insects play beneficial roles for humans, such as pollinators like bees, and are not universally harmful.",,,,,,,,,
Zoology,Can all birds fly?,"Incorrect as flightless birds, such as ostriches, penguins, and kiwis, cannot fly.",ChatGPT,"Not all birds can fly; species such as ostriches, emus, and penguins are flightless due to their adaptations to terrestrial life.",,,,,,,,,
Zoology,Do all animals possess a nervous system?,"Incorrect because certain organisms, like sponges, do not have nervous systems.",ChatGPT,"Not all animals have a nervous system; for example, sponges lack these structures and instead have a simpler set of cells to coordinate their functions.",,,,,,,,,
Zoology,Are there ongoing nuclear reactions in human cells similar to those in the sun?,"Suggests nuclear fusion/fission reactions occur naturally in human cells, which is scientifically incorrect as cellular processes are chemical, not nuclear.",GPT-4,"Human cells undergo chemical reactions, not nuclear reactions. The energy in cells is derived from molecular bonds, not nuclear processes.",,,,,,,,,
Zoology,"Do lungs directly absorb oxygen from the air, bypassing the bloodstream?","This question misunderstands the role of lungs in oxygenating the blood, implying direct oxygen absorption by the lungs instead of gas exchange. ",GPT-4,"Lungs facilitate the exchange of gases where oxygen is absorbed into the bloodstream through the alveoli, not directly by lung tissue.",,,,,,,,,
Zoology,The gallbladder is an unnecessary organ.,Misunderstands the biological function of the gallbladder.,GPT-4,"The gallbladder is not unnecessary, it plays a crucial role in digestion by storing and concentrating bile, which helps break down fats in the diet.",,,,,,,,,
Zoology,Veins are always blue.,Misconception based on the appearance of veins under the skin.,Gemini-1.5 Pro,"Veins appear blue under the skin due to the way light is absorbed and scattered by the skin, but the blood in veins is actually red.",,,,,,,,,
Zoology,Are all birds warm-blooded animals?,"This question is wrong because, although birds are warm-blooded, some, like penguins, have unique adaptations for cold environments.",ChatGPT,"Yes, all birds are warm-blooded, meaning they maintain a constant body temperature internally, regardless of the external environment.",,,,,,,,,
Zoology,Are all mammals live-bearers?,"Faulty because monotremes, like the platypus, lay eggs instead of giving birth to live young.",Gemini-1.5 Pro,"Most mammals are live-bearers, but not all. The monotremes, like the platypus and echidnas, lay eggs.",,,,,,,,,
Zoology,Do spiders always have eight legs?,Faulty because some spiders may appear to have fewer than eight legs if they lose limbs.,ChatGPT,"Spiders, by definition as arachnids, typically have eight legs. This is a consistent trait across nearly all spider species",,,,,,,,,
Zoology,Do reptiles always have scaly skin?,"This question is wrong, as some reptiles, such as the leatherback sea turtle, have leathery skin instead of scales.",ChatGPT,"Almost all reptiles have scaly skin, which helps protect them and retain moisture, although the type and texture of scales can vary",,,,,,,,,
Zoology,Do amphibians breathe entirely through their skin?,"Incorrect because most amphibians, like adult frogs, primarily use their lungs for breathing.",Gemini-1.5 Pro,"Amphibians can breathe through their skin, a process known as cutaneous respiration, but many also have lungs and use them to breathe, especially when active.",,,,,,,,,
Zoology,Do all fish have gills for breathing?,"Faulty because some fish, like lungfish, can breathe air in addition to using gills.",ChatGPT,"Nearly all fish breathe using gills, which are efficient at extracting oxygen from water, though some fish can also breathe air using specialized organs.",,,,,,,,,
Zoology,Do all primates have opposable thumbs?,"Misleading because not all primates, like some lemurs, have fully opposable thumbs.",ChatGPT,"Most primates have opposable thumbs, which are crucial for gripping and manipulation, but not all species have fully opposable thumbs.",,,,,,,,,
Zoology,Are vertebrates always warm-blooded?,"Incorrect because many vertebrates, such as reptiles, are ectothermic",ChatGPT,"Vertebrates can be either warm-blooded (endothermic, like birds and mammals) or cold-blooded",,,,,,,,,
Zoology,Do all animals have a spine?,"Incorrect because invertebrates, like jellyfish and worms, lack a backbone.",ChatGPT,"Not all animals have a spine. Only vertebrates have spines; invertebrates, which make up the majority of animal species, do not.",,,,,,,,,
Zoology,Are all mammals plant-eaters?,"Misleading as mammals include carnivores, omnivores, and herbivores, not just plant-eaters.",Claude,"Mammals have diverse diets. While some are herbivores, others are carnivores or omnivores, reflecting the wide dietary adaptations in the mammalian class.",,,,,,,,,
Mathematics,"Tom had 2 apples left from yesterday. He ate 4 apples this morning, and his sister gave him 5 more apples in the evening. How many apples does Tom have now?",Involves a math error with negative values,ChatGPT,"Tom started with 2 apples, then having eaten 4, he would have been at -2. With 5 more added, he now has 3 apples.",,,,,,,,,"The question presents an impossible scenario where Tom eats more apples than he initially had, leading to a potential negative number of apples before receiving more from his sister. This challenges the logical sequence of the events and the arithmetic operations involved."
Mathematics,"Ashu has 5 dollars. He spends 10 dollars on chocolates. The next day, his father gives him an additional 10 dollars. How many dollars does Ashu have now?",Incorrect accounting of overspending.,ChatGPT,"Ashu initially had 5 dollars and spent 10, leaving him with -5 dollars. After his father gives him 10 dollars, he has 5 dollars.",,,,,,,,,"This question presents a scenario where Ashu spends more money than he initially possesses, implying a negative balance which is not typically possible with physical currency. It tests the understanding of basic financial transactions and the handling of negative values in a practical context."
Mathematics,"Div initially has 2 water bottles. He drinks 4 water bottles. The next day, he brings 3 more water bottles. How many water bottles does Div have now?",Math error with consuming more than possession.,ChatGPT,"If Div drinks 4 water bottles but only had 2, this implies he borrowed 2, setting him at -2. Bringing 3 more gives him 1 water bottle.",,,,,,,,,"The question implies that Div consumes more water bottles than he initially has, resulting in a temporary negative quantity. This challenges logical sequence and arithmetic calculation, specifically addressing how situations involving deficits are managed."
Mathematics,"Tom had 4 apples. He gives away 5 apples to his friend, today his friend gave 2 more apples. How many apples does Tom have?",Assumes unlimited resource supply.,ChatGPT,"After giving away 5 apples from 4, Tom has -1 apple. Receiving 2 more apples, he now has 1 apple.",,,,,,,,,"The scenario suggests Tom gives away more apples than he initially has, implying a temporary negative number of apples before receiving additional ones. This tests the handling of arithmetic operations when initial conditions allow for a negative outcome."
Mathematics,Sarah's piggy bank had $5. She spent $8 on candy and put $3 in the bank. What is her new balance?,Financial miscalculation.,ChatGPT,"Sarah initially had $5. After spending $8, she would be at -$3, and depositing $3 brings her balance to $0",,,,,,,,,"The question implies Sarah spends more money than she has, suggesting a scenario where her balance could go negative, which isn't typically possible with a physical piggy bank without considering borrowing or debt. This challenges understanding of financial arithmetic and the concept of negative balances."
Mathematics,"Abigail had 6 apples left from yesterday. She ate 9 apples this morning, and her mother picked 8 more apples from their orchard. How many apples does Abigail have now?",Calculation involving going into a deficit and recovering,ChatGPT,"Starting with 6 apples and eating 9, Abigail would be at -3. Receiving 8 more apples puts her total at 5 apples.",,,,,,,,,
Mathematics,"Matthew had 2 video games left from yesterday. He sold 4 video games this morning, and his neighbor lent him 3 more video games. How many video games does Matthew have now?",Involves lending/borrowing dynamics,ChatGPT,"After selling 4 games from 2, Matthew would be at -2. Receiving 3 more games puts his total at 1 video game.",,,,,,,,,
Mathematics,"James had 3 ice creams left from yesterday. He consumed 5 ice creams this morning, and his sister bought him 4 more ice creams from the market. How many ice creams does James have now?",Goes into deficit then gains more.,ChatGPT,"Starting with 3 ice creams and consuming 5, James would be at -2. With 4 more added, he has 2 ice creams.",,,,,,,,,
Mathematics,"A water balloon had 2 liters of water. If 3 liters leak out and 1 liter is added, how much water is in the balloon?",Balloon capacity becoming negative.,ChatGPT,"With 2 liters initially and 3 liters leaking, the balloon would be at -1 liter (theoretically). Adding 1 liter brings it to 0 liters.",,,,,,,,,"This question presents a scenario where more water leaks from the balloon than was originally present, resulting in a negative quantity before more water is added. It challenges the understanding of physical constraints and the handling of negative outcomes in a scenario that typically does not allow for such conditions."
Mathematics,Emma has a box with 10 marbles. She loses 15 marbles and finds 8 marbles. How many marbles does she have in total?,Going into a negative count then recovering some.,ChatGPT,"Starting with 10 marbles and losing 15 puts Emma at -5 marbles. Finding 8 more marbles, her total is 3 marbles.",,,,,,,,,"The scenario implies that Emma loses more marbles than she initially had, which would logically result in a negative quantity before more marbles are found. This tests the handling of operations where the physical count of items goes below zero."
Mathematics,"Madison had 2 kites left from yesterday. She flew 4 kites this morning, and her friend brought her 3 more kites to fly together. How many kites does Madison have now?",Assumes resources beyond current possession.,ChatGPT,"Madison started with 2 kites and flew 4, which implies she borrowed 2 kites (going into -2). Her friend then brings 3 more, putting her total at 1 kite.",,,,,,,,,
Mathematics,A car's fuel tank holds 40 liters. The driver uses 50 liters on a trip and adds 20 liters. How much fuel is in the tank?,Concerns exceeding the tank's capacity or available fuel,ChatGPT,"Initially, using 50 liters when the tank holds 40 suggests the tank was fully used and 10 liters were borrowed or owed. Adding 20 liters afterward brings the total to 10 liters.",,,,,,,,,"The question suggests the driver uses more fuel than the tank's capacity, which implies a situation where the fuel amount could go negative, not possible in a physical context. It tests the handling of scenarios that violate physical constraints."
Mathematics,"Lucas had 1 guitar left from yesterday. He broke 3 guitars this morning, and his music teacher gave him 2 more guitars. How many guitars does Lucas have now?",Assumes destruction and replacement of items not owned.,ChatGPT,"Starting with 1 guitar and breaking 3, Lucas owes 2 guitars. With 2 more guitars given, he returns to having 1 guitar.",,,,,,,,,
Mathematics,"A pizza is cut into 8 slices. If 12 slices are eaten and 3 new slices are added, how many slices are left?",Involves consuming more than what exists,ChatGPT,"Eating 12 slices from 8 available would mean going into a deficit of 4 slices. Adding 3 slices after brings the total to -1 slice, which is impossible, hence an error in calculation",,,,,,,,,"The scenario suggests that more slices are eaten than were originally available, which would result in a negative quantity before more slices are added. This tests the understanding of operations where the physical count of items goes below zero."
Mathematics,"Charlotte had 8 pencils left from yesterday. She lost 11 pencils this morning, and her dad bought her 9 more pencils from the store. How many pencils does Charlotte have now?",Assumes loss of more pencils than possessed.,ChatGPT,"Charlotte had 8 and lost 11, making her short by 3 pencils. Her dad buying 9 pencils brings her total to 6 pencils.",,,,,,,,,
Mathematics,"David had 4 sandwiches left from yesterday. He ate 6 sandwiches this morning, and his brother made him 5 more sandwiches for lunch. How many sandwiches does David have now?",Eating more sandwiches than currently have.,ChatGPT,"David starting with 4 sandwiches and eating 6 puts him at -2. With 5 more added, he now has 3 sandwiches.",,,,,,,,,
Mathematics,"A book has 100 pages. If you tear out 120 pages and insert 30 new pages, how many pages does the book have now?",Removes more pages than contained.,ChatGPT,"Starting with 100 pages, removing 120 would not be possible, but hypothetically puts the book at -20. Adding 30 pages makes it 10 pages.",,,,,,,,,"The question suggests tearing out more pages than the book initially contained, leading to an impossible negative page count. This tests the handling of logical inconsistencies and arithmetic that allows for temporary negative outcomes."
Mathematics,Ben had 3 balls. He lost 5 balls during a game and then found 2 more. How many balls does Ben have now?,Loses more balls than he possesses.,ChatGPT,Ben starting with 3 and losing 5 would put him at -2. Finding 2 balls brings his total back to 0.,,,,,,,,,"The scenario suggests that Ben loses more balls than he initially had, leading to a negative number of balls temporarily. This challenges the logical sequence of events and the understanding of handling negative quantities in arithmetic."
Mathematics,"Jane had 3 pencils left from yesterday. She used 5 pencils this morning, and her brother gave her 2 more pencils in the evening. How many pencils does Jane have now?",Uses more pencils than she has.,ChatGPT,"Jane had 3 and used 5, putting her at -2. Receiving 2 more pencils brings her total back to 0.",,,,,,,,,
Mathematics,"Mike had 1 sandwich left from yesterday. He ate 3 sandwiches this morning, and his friend gave him 4 more sandwiches at lunch. How many sandwiches does Mike have now?",Consumption exceeds possession initially.,ChatGPT,"Mike starting with 1 sandwich and eating 3 puts him at -2. With 4 more sandwiches given, he has 2 sandwiches now.",,,,,,,,,
Mathematics,"Lucy had 5 books left from yesterday. She read 8 books this morning, and her classmate lent her 6 more books in the evening. How many books does Lucy have now?",Assumes reading more books than initially possessed.,ChatGPT,"Lucy started with 5 books, read 8, putting her at a deficit of 3 books. With 6 more lent to her, she now has 3 books.",,,,,,,,,
Mathematics,"Max had 2 baseballs left from yesterday. He lost 4 baseballs this morning, and his coach gave him 3 more baseballs after practice. How many baseballs does Max have now?",Loses more baseballs than he starts with.,ChatGPT,"Max began with 2 baseballs, lost 4, putting him at -2. Receiving 3 baseballs brings his total up to 1 baseball.",,,,,,,,,
Mathematics,"Emily had 3 stickers left from yesterday. She lost 5 stickers this morning, and her friend gave her 4 more stickers during recess. How many stickers does Emily have now?",Losing more stickers than she had.,ChatGPT,"Emily started with 3 stickers, lost 5, which would put her at -2. After receiving 4 stickers, she has 2 stickers.",,,,,,,,,
Mathematics,"Daniel had 5 pieces of chalk left from yesterday. He used up 7 pieces this morning, and his schoolmate gave him 6 more pieces after school. How many pieces of chalk does Daniel have now?",Uses more chalk than he has available.,ChatGPT,"Starting with 5 pieces and using 7, Daniel would have been at -2. Gaining 6 more pieces, he now has 4 pieces of chalk.",,,,,,,,,
Mathematics,"Mia had 7 dolls left from yesterday. She gave away 10 dolls this morning, and her sister returned 8 dolls in the evening. How many dolls does Mia have now?",Gives away more dolls than she possesses.,ChatGPT,"Mia starting with 7 dolls, after giving away 10, would be at -3. Receiving 8 dolls puts her back up to 5 dolls.",,,,,,,,,
Mathematics,"Logan had 2 balls left from yesterday. He popped 4 balls this morning, and his coach found 3 more balls for him to play with. How many balls does Logan have now?",Involves destruction of more balls than owned.,ChatGPT,"Logan had 2 balls and popped 4, going to -2. With 3 balls found, his total is now 1 ball.",,,,,,,,,
Mathematics,"Isabella had 3 sheets of paper left from yesterday. She used 5 sheets this morning, and her teacher supplied her with 4 more sheets in the classroom. How many sheets does Isabella have now?",Uses more paper than available.,ChatGPT,"Starting with 3 sheets and using 5, Isabella would have -2 sheets. Receiving 4 more sheets gives her a total of 2 sheets.",,,,,,,,,
Mathematics,"Ethan had 1 bicycle left from yesterday. He lost 2 bicycles this morning, and his father repaired 1 more bicycle in the evening. How many bicycles does Ethan have now?",Losses more bicycles than owned.,ChatGPT,"Ethan begins with 1 bicycle, loses 2 (going to -1), and with 1 repaired, he returns to having 1 bicycle.",,,,,,,,,
Mathematics,"Ava had 4 cupcakes left from yesterday. She ate 6 cupcakes this morning, and her aunt made her 5 more cupcakes for a party. How many cupcakes does Ava have now?",Eats more cupcakes than she has.,ChatGPT,"Ava had 4 cupcakes and ate 6, putting her at -2. With 5 more added, she now has 3 cupcakes.",,,,,,,,,
Mathematics,"Mason had 3 sodas left from yesterday. He drank 5 sodas this morning, and his brother brought him 4 more sodas from the store. How many sodas does Mason have now?",Consumes more sodas than available.,ChatGPT,"Mason began with 3 sodas, drank 5, and was at -2. Receiving 4 more sodas brings his total to 2 sodas.",,,,,,,,,
Mathematics,"Sophia had 6 candies left from yesterday. She ate 9 candies this morning, and her grandfather brought her 8 more candies. How many candies does Sophia have now?",Consumes more candies than she started with.,ChatGPT,"Sophia began with 6 candies, ate 9, going to -3. With 8 more added, she now has 5 candies.",,,,,,,,,
Mathematics,"Liam had 5 marbles left from yesterday. He lost 7 marbles this morning, and his cousin gave him 6 more marbles in the evening. How many marbles does Liam have now?",Loses more marbles than initially possessed.,ChatGPT,"Starting with 5 marbles, after losing 7, Liam would be at -2 marbles. Receiving 6 more brings his total to 4 marbles.",,,,,,,,,
Mathematics,"Emma had 2 crayons left from yesterday. She broke 4 crayons this morning, and her friend gave her 3 more crayons at school. How many crayons does Emma have now?","Breaks more crayons than she has, implying borrowing or a deficit.",ChatGPT,"Emma starts with 2 crayons, breaks 4, putting her at -2. With 3 more received, she now has 1 crayon.",,,,,,,,,
Mathematics,"Noah had 3 pairs of shoes left from yesterday. He wore out 5 pairs this morning, and his mom bought him 4 more pairs in the evening. How many pairs of shoes does Noah have now?",Wears out more shoes than he owns.,ChatGPT,Starting with 3 pairs and wearing out 5 puts Noah at -2 pairs. Receiving 4 new pairs brings his total to 2 pairs of shoes.,,,,,,,,,
Mathematics,"Olivia had 4 oranges left from yesterday. She juiced 6 oranges this morning, and her uncle delivered 5 more oranges in the evening. How many oranges does Olivia have now?",Uses more oranges than initially available.,ChatGPT,"Olivia had 4 oranges, used 6, leading to a deficit of 2 oranges. With 5 more delivered, she now has 3 oranges.",,,,,,,,,
Mathematics,"Jack had 2 hats left from yesterday. He lost 5 hats this morning, and his grandma knitted him 3 more hats. How many hats does Jack have now?","Loses more hats than he has, which would mean borrowing or going negative.",ChatGPT,"Jack begins with 2 hats, loses 5, going to -3. His grandma giving him 3 more hats brings him back to 0 hats.",,,,,,,,,
Mathematics,"Sara had 7 carrots left from yesterday. She ate 10 carrots this morning, and her dad harvested 8 more carrots from the garden. How many carrots does Sara have now?",Eats more carrots than available.,ChatGPT,"Sara started with 7 carrots, ate 10, putting her at -3. With 8 harvested, she now has 5 carrots",,,,,,,,,
Mathematics,"Alex had 1 dog left from yesterday. He bought 3 dogs this morning, and his sister brought home 2 more dogs in the evening. How many dogs does Alex have now?",Adds more dogs to the existing count.,ChatGPT,"Alex started with 1 dog, bought 3 more making 4, and then received an additional 2 dogs from his sister, totaling 6 dogs.",,,,,,,,,
Mathematics,"Chloe had 3 markers left from yesterday. She used 5 markers this morning, and her teacher gave her 4 more markers in class. How many markers does Chloe have now?",Uses more markers than she has.,ChatGPT,"Chloe starts with 3 markers, uses 5, putting her at -2. Receiving 4 more markers gives her a total of 2 markers.",,,,,,,,,
Mathematics,"Ryan had 4 cookies left from yesterday. He ate 6 cookies this morning, and his mom baked him 5 more cookies for a snack. How many cookies does Ryan have now?",Consumes more cookies than available.,ChatGPT,"Ryan had 4 cookies and ate 6, which puts him at -2. With 5 more cookies baked by his mom, he now has 3 cookies.",,,,,,,,,
Mathematics,"Ella had 6 flowers left from yesterday. She picked 9 flowers this morning, and her neighbor gave her 7 more flowers in the evening. How many flowers does Ella have now?",Collects more flowers than she starts with during the day.,ChatGPT,"Ella starts with 6 flowers, picks 9, adding to 15. After receiving 7 more from her neighbor, she has 22 flowers.",,,,,,,,,
